{"cameraMode":{"drawMode":0,"name":"Shaded","section":"Shading Mode"},"sceneLighting":false,"audioPlay":false,"sceneViewState":{"m_AlwaysRefresh":false,"showFog":true,"showSkybox":true,"showFlares":true,"showImageEffects":true,"showParticleSystems":true,"showVisualEffectGraphs":true,"m_FxEnabled":true},"in2DMode":false,"pivot":{"x":1.0751338005065919,"y":-25.308643341064454,"z":85.28916931152344},"rotation":{"x":-0.18363748490810395,"y":0.03596561774611473,"z":-0.006723996251821518,"w":-0.9823195338249207},"size":7.763256549835205,"orthographic":false}