{"cameraMode":{"drawMode":0,"name":"Shaded","section":"Shading Mode"},"sceneLighting":false,"audioPlay":false,"sceneViewState":{"m_AlwaysRefresh":false,"showFog":true,"showSkybox":true,"showFlares":true,"showImageEffects":true,"showParticleSystems":true,"showVisualEffectGraphs":true,"m_FxEnabled":true},"in2DMode":false,"pivot":{"x":-0.08449005335569382,"y":-22.547351837158204,"z":86.7123794555664},"rotation":{"x":-0.17785216867923737,"y":-0.00826895609498024,"z":0.0014939639950171114,"w":-0.9840238094329834},"size":3.678805351257324,"orthographic":false}