{"cameraMode":{"drawMode":0,"name":"Shaded","section":"Shading Mode"},"sceneLighting":false,"audioPlay":false,"sceneViewState":{"m_AlwaysRefresh":false,"showFog":true,"showSkybox":true,"showFlares":true,"showImageEffects":true,"showParticleSystems":true,"showVisualEffectGraphs":true,"m_FxEnabled":true},"in2DMode":false,"pivot":{"x":8.467312812805176,"y":-2.9101240634918215,"z":4.712162494659424},"rotation":{"x":0.011663263663649559,"y":-0.9775931239128113,"z":0.20255906879901887,"w":0.05638406053185463},"size":7.123514175415039,"orthographic":false}