{"cameraMode":{"drawMode":0,"name":"Shaded","section":"Shading Mode"},"sceneLighting":false,"audioPlay":false,"sceneViewState":{"m_AlwaysRefresh":false,"showFog":true,"showSkybox":true,"showFlares":true,"showImageEffects":true,"showParticleSystems":true,"showVisualEffectGraphs":true,"m_FxEnabled":true},"in2DMode":false,"pivot":{"x":-6.374065399169922,"y":-5.555062770843506,"z":25.996397018432618},"rotation":{"x":-0.08259899169206619,"y":0.05288773402571678,"z":-0.004405089188367128,"w":-0.9951826930046082},"size":15.736997604370118,"orthographic":false}