{"cameraMode":{"drawMode":0,"name":"Shaded","section":"Shading Mode"},"sceneLighting":false,"audioPlay":false,"sceneViewState":{"m_AlwaysRefresh":false,"showFog":true,"showSkybox":true,"showFlares":true,"showImageEffects":true,"showParticleSystems":true,"showVisualEffectGraphs":true,"m_FxEnabled":true},"in2DMode":false,"pivot":{"x":1.7929227352142335,"y":-0.41682398319244387,"z":12.771645545959473},"rotation":{"x":0.007422878406941891,"y":0.9869207143783569,"z":-0.15401579439640046,"w":0.04738921672105789},"size":0.5788975358009338,"orthographic":false}