{"cameraMode":{"drawMode":0,"name":"Shaded","section":"Shading Mode"},"sceneLighting":false,"audioPlay":false,"sceneViewState":{"m_AlwaysRefresh":false,"showFog":true,"showSkybox":true,"showFlares":true,"showImageEffects":true,"showParticleSystems":true,"showVisualEffectGraphs":true,"m_FxEnabled":true},"in2DMode":false,"pivot":{"x":1.6927155256271363,"y":-4.544853687286377,"z":8.740443229675293},"rotation":{"x":-0.2350890040397644,"y":-0.0037967790849506857,"z":0.0009127390803769231,"w":-0.9719763994216919},"size":5.443857669830322,"orthographic":false}