{"cameraMode":{"drawMode":0,"name":"Shaded","section":"Shading Mode"},"sceneLighting":false,"audioPlay":false,"sceneViewState":{"m_AlwaysRefresh":false,"showFog":true,"showSkybox":true,"showFlares":true,"showImageEffects":true,"showParticleSystems":true,"showVisualEffectGraphs":true,"m_FxEnabled":true},"in2DMode":false,"pivot":{"x":-0.23103690147399903,"y":0.5681562423706055,"z":2.4087746143341066},"rotation":{"x":0.24796657264232636,"y":0.7200813293457031,"z":-0.31537795066833498,"w":0.5661642551422119},"size":2.636368989944458,"orthographic":false}