{"cameraMode":{"drawMode":0,"name":"Shaded","section":"Shading Mode"},"sceneLighting":false,"audioPlay":false,"sceneViewState":{"m_AlwaysRefresh":false,"showFog":true,"showSkybox":true,"showFlares":true,"showImageEffects":true,"showParticleSystems":true,"showVisualEffectGraphs":true,"m_FxEnabled":true},"in2DMode":false,"pivot":{"x":2.7830913066864015,"y":-13.281949996948243,"z":-7.330092430114746},"rotation":{"x":-0.015423867851495743,"y":-0.9560871124267578,"z":0.28823554515838625,"w":-0.05108898505568504},"size":13.635522842407227,"orthographic":false}