{"cameraMode":{"drawMode":0,"name":"Shaded","section":"Shading Mode"},"sceneLighting":false,"audioPlay":false,"sceneViewState":{"m_AlwaysRefresh":false,"showFog":true,"showSkybox":false,"showFlares":true,"showImageEffects":true,"showParticleSystems":true,"showVisualEffectGraphs":true,"m_FxEnabled":true},"in2DMode":false,"pivot":{"x":0.9031862020492554,"y":0.773486852645874,"z":-1.0731916427612305},"rotation":{"x":-0.007603874895721674,"y":-0.9821382761001587,"z":0.1836034506559372,"w":-0.04067663848400116},"size":2.8426337242126467,"orthographic":false}